Workbook

Sheet Summary
A1: Hot-path cost per record: OTel Rust SDK vs per-core shards
A2: 3 attributes, steady state. Green = linked from the measurement sheets; black = formula. Ratios are the useful part — absolute ns are from a slowish 2-vCPU VM.
A4: Path | B4: Kind | C4: 1 thread ns/op | D4: 2 threads, same series ns/op | E4: 2 threads, distinct series ns/op | F4: allocs/op | G4: Contention slowdown (same series ÷ 1 thread) | H4: × slower than per-core prototype (1 thread)
A5: Counter add(1, &attrs) | B5: SDK unbound | C5: ='All results'!D9 -> 167.2 | D5: ='All results'!D24 -> 457.8 | E5: ='All results'!D25 -> 409.5 | F5: ='All results'!E9 -> 0 | G5: =IF(ISNUMBER(D5),D5/C5,"n/a") -> 2.7380383 | H5: =C5/$C$9 -> 32.153846
A6: Histogram record(v, &attrs) | B6: SDK unbound | C6: ='All results'!D18 -> 180.2 | D6: ='All results'!D28 -> 856.4 | E6: ='All results'!D29 -> 607.9 | F6: ='All results'!E18 -> 0 | G6: =IF(ISNUMBER(D6),D6/C6,"n/a") -> 4.7524972 | H6: =C6/$C$9 -> 34.653846
A7: Bound counter add | B7: SDK bound (experimental) | C7: ='All results'!D20 -> 13.3 | D7: ='All results'!D26 -> 41 | E7: ='All results'!D27 -> 10.1 | F7: ='All results'!E20 -> 0 | G7: =IF(ISNUMBER(D7),D7/C7,"n/a") -> 3.0827068 | H7: =C7/$C$9 -> 2.5576923
A8: Bound histogram record | B8: SDK bound (experimental) | C8: ='All results'!D21 -> 30.8 | D8: ='All results'!D30 -> 185.4 | E8: ='All results'!D31 -> 26.8 | F8: ='All results'!E21 -> 0 | G8: =IF(ISNUMBER(D8),D8/C8,"n/a") -> 6.0194805 | H8: =C8/$C$9 -> 5.9230769
A9: Per-core shard histogram | B9: Prototype | C9: ='Prototype runs'!B8 -> 5.2 | D9: ='Prototype runs'!C8 -> 5.9333333 | E9: n/a | F9: ='Prototype runs'!D8 -> 0 | G9: =IF(ISNUMBER(D9),D9/C9,"n/a") -> 1.1410256 | H9: =C9/$C$9 -> 1
A10: Shared AtomicU64 fetch_add | B10: Baseline | C10: ='All results'!D7 -> 6 | D10: ='All results'!D23 -> 21.1 | E10: n/a | F10: ='All results'!E7 -> 0 | G10: =IF(ISNUMBER(D10),D10/C10,"n/a") -> 3.5166667 | H10: =C10/$C$9 -> 1.1538462
A11: Owned cell, relaxed load+store | B11: Baseline | C11: ='All results'!D6 -> 1.4 | D11: n/a | E11: ='All results'!D22 -> 2.4 | F11: ='All results'!E6 -> 0 | G11: =IF(ISNUMBER(D11),D11/C11,"n/a") -> n/a | H11: =C11/$C$9 -> 0.26923077
A13: n/a = not measured for that configuration (the prototype has no shared lookup, so distinct vs same series behaves the same; the owned-cell baseline is single-writer by definition).
A14: Prototype numbers are the 3-run averages on 'Prototype runs' (the chat answer rounded them to ~5 / ~5.5 ns).

Sheet All results
A1: OpenTelemetry Rust SDK 0.33.1 — full benchmark run (measured)
A2: Blue = measured value. 10M timed iterations per case after 1M warm-up; 2-thread rows report per-thread ns/op. See Notes for environment.
A4: Section | B4: Case | C4: Threads | D4: ns/op | E4: allocs/op
A5: baselines (single thread) | B5: plain u64 += 1 (per-core cell, owned) | C5: 1 | D5: 2.2 | E5: 0
A6: baselines (single thread) | B6: AtomicU64 relaxed load+store (single writer) | C6: 1 | D6: 1.4 | E6: 0
A7: baselines (single thread) | B7: AtomicU64 fetch_add (uncontended) | C7: 1 | D7: 6 | E7: 0
A8: Counter<u64>, cumulative | B8: add(1, &[]) | C8: 1 | D8: 14.5 | E8: 0
A9: Counter<u64>, cumulative | B9: add(1, &STATIC_ATTRS[3]) (prebuilt slice) | C9: 1 | D9: 167.2 | E9: 0
A10: Counter<u64>, cumulative | B10: add(1, &[KeyValue::new(&'static str)..3]) inline | C10: 1 | D10: 159.4 | E10: 0
A11: Counter<u64>, cumulative | B11: inline attrs, 1 value is Arc<str>.clone() | C11: 1 | D11: 193.8 | E11: 0
A12: Counter<u64>, cumulative | B12: inline attrs, 1 value is String.clone() | C12: 1 | D12: 193.2 | E12: 1
A13: Counter<u64>, cumulative | B13: same attrs, different order than first-seen | C13: 1 | D13: 391.2 | E13: 1
A14: Counter<u64>, cumulative | B14: 4 attrs (other series), prebuilt | C14: 1 | D14: 182.7 | E14: 0
A15: Counter<u64>, delta | B15: add(1, &STATIC_ATTRS[3]) | C15: 1 | D15: 148.3 | E15: 0
A16: Counter<u64>, delta | B16: f64 counter add(1.0, &STATIC_ATTRS[3]) (CAS loop) | C16: 1 | D16: 157.8 | E16: 0
... A31: contention: 2 threads | B31: bound histogram, DISTINCT series per thread | C31: 2 | D31: 26.8 | E31: 0
A33: Source: /home/claude/otelbench/src/main.rs, built with --release (LTO fat), run once.

Sheet Prototype runs
A1: Per-core shard histogram prototype — 3 runs (measured)
A2: 20M timed iterations per run; each thread writes only its own 128-byte-aligned shard of the same series.
A4: Run | B4: 1 thread ns/op | C4: 2 threads, same series ns/op (per thread) | D4: allocs/op
A5: Run 1 | B5: 4.9 | C5: 6.8 | D5: 0
A6: Run 2 | B6: 5.7 | C6: 5.4 | D6: 0
A7: Run 3 | B7: 5 | C7: 5.6 | D7: 0
A8: Average | B8: =AVERAGE(B5:B7) -> 5.2 | C8: =AVERAGE(C5:C7) -> 5.9333333 | D8: =AVERAGE(D5:D7) -> 0
A10: Source: /home/claude/otelbench/src/bin/percore.rs

Sheet Alloc traps
A1: When the SDK allocates on the record path (1 alloc per call)
A3: Trigger | B3: ns/op | C3: allocs/op | D3: Comparable no-alloc ns/op | E3: Slowdown | F3: Why (SDK 0.33.1 source) | G3: Avoid by
A4: Same attributes, different order than first-seen or sorted | B4: ='All results'!D13 -> 391.2 | C4: ='All results'!E13 -> 1 | D4: ='All results'!D9 -> 167.2 | E4: =B4/D4 -> 2.3397129 | F4: Lookup misses on the given order, then sort_and_dedup() copies the slice (to_vec) every call; only first-seen and sorted orders are inserted as keys. | G4: Always pass attributes in one fixed (ideally sorted) order.
A5: View with allowed_attribute_keys (unbound path) | B5: ='All results'!D17 -> 287.8 | C5: ='All results'!E17 -> 1 | D5: ='All results'!D9 -> 167.2 | E5: =B5/D5 -> 1.7212919 | F5: AttributeSetFilter::apply collects the filtered attributes into a new Vec on every call. | G5: Drop the view, or use bound instruments (filter applied once at bind).
A6: Attribute value is a String (caller-side clone) | B6: ='All results'!D12 -> 193.2 | C6: ='All results'!E12 -> 1 | D6: ='All results'!D10 -> 159.4 | E6: =B6/D6 -> 1.2120452 | F6: KeyValue::new(String) owns the string; the clone is a heap allocation before the SDK is even called. | G6: Use &'static str, or Arc<str> (0 allocs, refcount cost instead).
A7: Attribute value is Arc<str> (for comparison) | B7: ='All results'!D11 -> 193.8 | C7: ='All results'!E11 -> 0 | D7: ='All results'!D10 -> 159.4 | E7: =B7/D7 -> 1.2158093 | F7: No allocation; the extra cost is the atomic refcount inc/dec. | G7: Fine; prebuilt KeyValue slices are cheapest.
A9: Not a cost on the record path: the Rust SDK reads no Context and records no exemplars.
A10: First record of a new series allocates (map insert) — expected, one-time.

Sheet Notes
A1: Context, findings and sources
A3: Environment
A4: SDK | B4: opentelemetry / opentelemetry_sdk tag opentelemetry_sdk-0.33.1, features metrics, experimental_metrics_custom_reader, experimental_metrics_bound_instruments, spec_unstable_metrics_views
A5: Toolchain | B5: rustc/cargo 1.97.0, --release, lto = "fat", codegen-units = 1
A6: Hardware | B6: Cloud VM, Intel Xeon @ 2.80GHz, 2 vCPU (1 thread per core), no thread pinning
A7: Reader | B7: ManualReader; cumulative temporality unless the row says delta
A9: Why the SDK path costs what it does
A10: Unbound lookup | B10: Every call: RwLock read on a per-instrument HashMap<Vec<KeyValue>, Arc<Tracker>> plus SipHash over every attribute string.
A11: Shared reader count | B11: The RwLock reader count is shared by every series of an instrument, so per-thread series still bounce a cache line.
A12: Histogram lock | B12: Each series is a Mutex<Buckets>; the bound handle skips the lookup but still takes that lock.
A13: Bound handle extras | B13: Every record also does an atomic RMW plus a Release store to has_been_updated.
A15: Per-core prototype design
A16: Series | B16: Resolve attributes to a series once at setup; per-core handle is !Send.
A17: Shards | B17: One 128-byte-aligned shard per core; the owning core is the only writer, so increments are relaxed load + store (no lock-prefixed RMW).
A18: Sum | B18: Keep it as an integer (e.g. microseconds) rather than f64.
A19: Export | B19: Collector sums shards with relaxed loads; export count = sum of buckets so an in-flight snapshot stays self-consistent.
A21: Exporting from Rust
A22: The catch | B22: The SDK has no MetricProducer and its data types (HistogramDataPoint, Metric, ...) have pub(crate) fields, so externally aggregated histograms can't be injected into the SDK pipeline (unlike Go's prometheus.WithProducer used in Oxia #1457).
A23: Option: own the export | B23: Build OTLP messages with opentelemetry-proto (public prost structs), or serve Prometheus text yourself.
A24: Option: hybrid | B24: Counters through the SDK as observable counters summing per-core cells; only histograms need your own exporter.
A25: Option: upstream | B25: Add MetricProducer support to opentelemetry-rust; the spec defines it.
A27: Sources
A28: Oxia PR | B28: https://github.com/oxia-db/oxia/pull/1457
A29: SDK source | B29: opentelemetry-rust @ opentelemetry_sdk-0.33.1: opentelemetry-sdk/src/metrics/internal/{mod,sum,histogram,aggregate}.rs, metrics/data/mod.rs, benches/bound_instruments.rs
A30: Benchmarks | B30: /home/claude/otelbench/src/main.rs and /home/claude/otelbench/src/bin/percore.rs
